Handle,Title,Body (HTML),Vendor,Product Category,Type,Tag,Published,Option1 Name,Option1 Value,Option 2 Name,Option2 Value,Variant SKU,Variant Grams,Variant Inventory Tracker,Variant Inventory Qty,Variant Inventory Policy,Variant Fulfillment Service,Variant Price,Variant Compare At Price,Variant Requires Shipping,Variant Taxable,Variant Barcode,Image Src,Image Position,Image Alt Text,Gift Card,SEO Title,SEO Description,Google Shopping / Google Product Category,Google Shopping / Gender,Google Shopping / Age Group,Google Shopping / MPN,Google Shopping / Condition,Google Shopping / Custom Product,Google Shopping / Custom Label 0,Google Shopping / Custom Label 1,Google Shopping / Custom Label 2,Google Shopping / Custom Label 3,Google Shopping / Custom Label 4,Variant Image,Variant Weight Unit,Variant Tax Code,Cost per item,Include / Japan,Include / International,Price / International,Compare At Price / International,Status
t-shirt-armani-exchange--bianco | 8NZT76 Z8H4Z,T-shirt Armani Exchange  Bianco,<p><strong>Modello: </strong></p><p><strong>Codice Articolo Armani Exchange: </strong>8NZT76 Z8H4Z</p><p><strong>Composizione:</strong> 100% Cotone</p>,Armani Exchange,,T-shirt maniche corte Uomo,male,False,Size,46,Color,Bianco,8NZT76 Z8H4Z-Bianco,0,shopify,1,deny,manual,"€45,00",,True,False,,https://goccia.shop/wp-content/uploads/2024/02/t-shirt-armani-exchange-bianco-t-shirt-jersey-8nzt76-z8h4z-1.jpeg,1,t-shirt-armani-exchange--bianco,False,,,,,,,,,,,,,,,kg,,,True,True,,,active
t-shirt-armani-exchange--bianco | 8NZT76 Z8H4Z,,,,,,,,,54,,Bianco,,0,,1,deny,manual,"€45,00",,True,False,,https://goccia.shop/wp-content/uploads/2024/02/t-shirt-armani-exchange-bianco-t-shirt-jersey-8nzt76-z8h4z-2.jpeg,2,t-shirt-armani-exchange--bianco,,,,,,,,,,,,,,,,,,,,,,,
t-shirt-armani-exchange--bianco | 8NZT76 Z8H4Z,,,,,,,,,52,,Bianco,,0,,1,deny,manual,"€45,00",,True,False,,https://goccia.shop/wp-content/uploads/2024/02/t-shirt-armani-exchange-bianco-t-shirt-jersey-8nzt76-z8h4z-3.jpeg,3,t-shirt-armani-exchange--bianco,,,,,,,,,,,,,,,,,,,,,,,
t-shirt-armani-exchange--bianco | 8NZT76 Z8H4Z,,,,,,,,,44,,Bianco,,0,,1,deny,manual,"€45,00",,True,False,,https://goccia.shop/wp-content/uploads/2024/02/t-shirt-armani-exchange-bianco-t-shirt-jersey-8nzt76-z8h4z-1-150x150.jpeg,4,t-shirt-armani-exchange--bianco,,,,,,,,,,,,,,,,,,,,,,,
t-shirt-armani-exchange--bianco | 8NZT76 Z8H4Z,,,,,,,,,48,,Bianco,,0,,1,deny,manual,"€45,00",,True,False,,https://goccia.shop/wp-content/uploads/2024/02/t-shirt-armani-exchange-bianco-t-shirt-jersey-8nzt76-z8h4z-2-150x150.jpeg,5,t-shirt-armani-exchange--bianco,,,,,,,,,,,,,,,,,,,,,,,
t-shirt-armani-exchange--bianco | 8NZT76 Z8H4Z,,,,,,,,,,,,,,,,,,,,,,,https://goccia.shop/wp-content/uploads/2024/02/t-shirt-armani-exchange-bianco-t-shirt-jersey-8nzt76-z8h4z-3-150x150.jpeg,6,t-shirt-armani-exchange--bianco,,,,,,,,,,,,,,,,,,,,,,,
polo-manica-corta-armani-exchange--nero | 8NZF70 Z8M9Z,Polo manica corta Armani Exchange  Nero,"<p><strong>Modello: </strong></p><p><strong>Codice Articolo Armani Exchange: </strong>8NZF70 Z8M9Z</p><p><strong>Composizione:</strong> 95% Cotone, 5% elastane</p>",Armani Exchange,,Polo maniche corte Uomo,male,False,Size,46,Color,Nero,8NZF70 Z8M9Z-Nero,0,shopify,1,deny,manual,"€45,00",,True,False,,https://goccia.shop/wp-content/uploads/2024/02/polo-maniche-corte-armani-exchange-nero-t-shirt-polo-8nzf70-z8m9z-1640860703-1-1000x1250.jpeg,1,polo-manica-corta-armani-exchange--nero,False,,,,,,,,,,,,,,,kg,,,True,True,,,active
polo-manica-corta-armani-exchange--nero | 8NZF70 Z8M9Z,,,,,,,,,54,,Nero,,0,,1,deny,manual,"€45,00",,True,False,,https://goccia.shop/wp-content/uploads/2024/02/polo-maniche-corte-armani-exchange-nero-t-shirt-polo-8nzf70-z8m9z-1640860703-2-1000x1250.jpeg,2,polo-manica-corta-armani-exchange--nero,,,,,,,,,,,,,,,,,,,,,,,
polo-manica-corta-armani-exchange--nero | 8NZF70 Z8M9Z,,,,,,,,,52,,Nero,,0,,1,deny,manual,"€45,00",,True,False,,https://goccia.shop/wp-content/uploads/2024/02/polo-maniche-corte-armani-exchange-nero-t-shirt-polo-8nzf70-z8m9z-1640860742-3.jpeg,3,polo-manica-corta-armani-exchange--nero,,,,,,,,,,,,,,,,,,,,,,,
polo-manica-corta-armani-exchange--nero | 8NZF70 Z8M9Z,,,,,,,,,48,,Nero,,0,,1,deny,manual,"€45,00",,True,False,,https://goccia.shop/wp-content/uploads/2024/02/polo-maniche-corte-armani-exchange-nero-t-shirt-polo-8nzf70-z8m9z-1640860703-1-150x150.jpeg,4,polo-manica-corta-armani-exchange--nero,,,,,,,,,,,,,,,,,,,,,,,
polo-manica-corta-armani-exchange--nero | 8NZF70 Z8M9Z,,,,,,,,,50,,Nero,,0,,1,deny,manual,"€45,00",,True,False,,https://goccia.shop/wp-content/uploads/2024/02/polo-maniche-corte-armani-exchange-nero-t-shirt-polo-8nzf70-z8m9z-1640860703-2-150x150.jpeg,5,polo-manica-corta-armani-exchange--nero,,,,,,,,,,,,,,,,,,,,,,,
polo-manica-corta-armani-exchange--nero | 8NZF70 Z8M9Z,,,,,,,,,,,,,,,,,,,,,,,https://goccia.shop/wp-content/uploads/2024/02/polo-maniche-corte-armani-exchange-nero-t-shirt-polo-8nzf70-z8m9z-1640860742-3-150x150.jpeg,6,polo-manica-corta-armani-exchange--nero,,,,,,,,,,,,,,,,,,,,,,,
camicia-manica-lunga-jack-jones-jjesheridan-l/s-noos-denim | 12138115,Camicia manica lunga Jack Jones JJESHERIDAN L/S NOOS Denim,<p><strong>Modello: </strong>JJESHERIDAN L/S NOOS</p><p><strong>Codice Articolo Jack Jones: </strong>12138115</p><p><strong>Composizione:</strong> 98%Cotone – 2%Elasticizzato</p>,Jack Jones,,Camicia maniche lunghe Uomo,male,False,Size,46,Color,Denim,12138115-Denim,0,shopify,1,deny,manual,"€34,99",,True,False,,https://goccia.shop/wp-content/uploads/2024/02/camicia-maniche-lunghe-jack-jones-denim-sheridan-shirt-l-s-noos-12138115-1641389764-1-1000x1248.jpeg,1,camicia-manica-lunga-jack-jones-jjesheridan-l/s-noos-denim,False,,,,,,,,,,,,,,,kg,,,True,True,,,active
camicia-manica-lunga-jack-jones-jjesheridan-l/s-noos-denim | 12138115,,,,,,,,,54,,Denim,,0,,1,deny,manual,"€34,99",,True,False,,https://goccia.shop/wp-content/uploads/2024/02/camicia-maniche-lunghe-jack-jones-denim-sheridan-shirt-l-s-noos-12138115-1641389764-2.jpeg,2,camicia-manica-lunga-jack-jones-jjesheridan-l/s-noos-denim,,,,,,,,,,,,,,,,,,,,,,,
camicia-manica-lunga-jack-jones-jjesheridan-l/s-noos-denim | 12138115,,,,,,,,,52,,Denim,,0,,1,deny,manual,"€34,99",,True,False,,https://goccia.shop/wp-content/uploads/2024/02/camicia-maniche-lunghe-jack-jones-denim-sheridan-shirt-l-s-noos-12138115-1641389772-3.jpeg,3,camicia-manica-lunga-jack-jones-jjesheridan-l/s-noos-denim,,,,,,,,,,,,,,,,,,,,,,,
camicia-manica-lunga-jack-jones-jjesheridan-l/s-noos-denim | 12138115,,,,,,,,,44,,Denim,,0,,1,deny,manual,"€34,99",,True,False,,https://goccia.shop/wp-content/uploads/2024/02/camicia-maniche-lunghe-jack-jones-denim-sheridan-shirt-l-s-noos-12138115-1641389772-4.jpeg,4,camicia-manica-lunga-jack-jones-jjesheridan-l/s-noos-denim,,,,,,,,,,,,,,,,,,,,,,,
camicia-manica-lunga-jack-jones-jjesheridan-l/s-noos-denim | 12138115,,,,,,,,,48,,Denim,,0,,1,deny,manual,"€34,99",,True,False,,https://goccia.shop/wp-content/uploads/2024/02/camicia-maniche-lunghe-jack-jones-denim-sheridan-shirt-l-s-noos-12138115-1641389772-5.jpeg,5,camicia-manica-lunga-jack-jones-jjesheridan-l/s-noos-denim,,,,,,,,,,,,,,,,,,,,,,,
camicia-manica-lunga-jack-jones-jjesheridan-l/s-noos-denim | 12138115,,,,,,,,,,,,,,,,,,,,,,,https://goccia.shop/wp-content/uploads/2024/02/camicia-maniche-lunghe-jack-jones-denim-sheridan-shirt-l-s-noos-12138115-1641389764-1-150x150.jpeg,6,camicia-manica-lunga-jack-jones-jjesheridan-l/s-noos-denim,,,,,,,,,,,,,,,,,,,,,,,
camicia-manica-lunga-jack-jones-jjesheridan-l/s-noos-denim | 12138115,,,,,,,,,,,,,,,,,,,,,,,https://goccia.shop/wp-content/uploads/2024/02/camicia-maniche-lunghe-jack-jones-denim-sheridan-shirt-l-s-noos-12138115-1641389764-2-150x150.jpeg,7,camicia-manica-lunga-jack-jones-jjesheridan-l/s-noos-denim,,,,,,,,,,,,,,,,,,,,,,,
camicia-manica-lunga-jack-jones-jjesheridan-l/s-noos-denim | 12138115,,,,,,,,,,,,,,,,,,,,,,,https://goccia.shop/wp-content/uploads/2024/02/camicia-maniche-lunghe-jack-jones-denim-sheridan-shirt-l-s-noos-12138115-1641389772-3-150x150.jpeg,8,camicia-manica-lunga-jack-jones-jjesheridan-l/s-noos-denim,,,,,,,,,,,,,,,,,,,,,,,
camicia-manica-lunga-jack-jones-jjesheridan-l/s-noos-denim | 12138115,,,,,,,,,,,,,,,,,,,,,,,https://goccia.shop/wp-content/uploads/2024/02/camicia-maniche-lunghe-jack-jones-denim-sheridan-shirt-l-s-noos-12138115-1641389772-4-150x150.jpeg,9,camicia-manica-lunga-jack-jones-jjesheridan-l/s-noos-denim,,,,,,,,,,,,,,,,,,,,,,,
camicia-manica-lunga-jack-jones-jjesheridan-l/s-noos-denim | 12138115,,,,,,,,,,,,,,,,,,,,,,,https://goccia.shop/wp-content/uploads/2024/02/camicia-maniche-lunghe-jack-jones-denim-sheridan-shirt-l-s-noos-12138115-1641389772-5-150x150.jpeg,10,camicia-manica-lunga-jack-jones-jjesheridan-l/s-noos-denim,,,,,,,,,,,,,,,,,,,,,,,
t-shirt-armani-exchange--nero | 8NZTCK Z8H4Z,T-shirt Armani Exchange  Nero,<p><strong>Modello: </strong></p><p><strong>Codice Articolo Armani Exchange: </strong>8NZTCK Z8H4Z</p><p><strong>Composizione:</strong> 100% Cotone</p>,Armani Exchange,,T-shirt maniche corte Uomo,male,False,Size,46,Color,Nero,8NZTCK Z8H4Z-Nero,0,shopify,1,deny,manual,"€45,00",,True,False,,https://goccia.shop/wp-content/uploads/2024/02/t-shirt-maniche-corte-armani-exchange-nero-t-shirt-8nztck-z8h4z-1640866038-1-1000x1251.jpeg,1,t-shirt-armani-exchange--nero,False,,,,,,,,,,,,,,,kg,,,True,True,,,active
t-shirt-armani-exchange--nero | 8NZTCK Z8H4Z,,,,,,,,,54,,Nero,,0,,1,deny,manual,"€45,00",,True,False,,https://goccia.shop/wp-content/uploads/2024/02/t-shirt-maniche-corte-armani-exchange-nero-t-shirt-8nztck-z8h4z-1640866066-4-1000x1249.jpeg,2,t-shirt-armani-exchange--nero,,,,,,,,,,,,,,,,,,,,,,,
t-shirt-armani-exchange--nero | 8NZTCK Z8H4Z,,,,,,,,,52,,Nero,,0,,1,deny,manual,"€45,00",,True,False,,https://goccia.shop/wp-content/uploads/2024/02/t-shirt-maniche-corte-armani-exchange-nero-t-shirt-8nztck-z8h4z-1640866038-2-1000x1250.jpeg,3,t-shirt-armani-exchange--nero,,,,,,,,,,,,,,,,,,,,,,,
t-shirt-armani-exchange--nero | 8NZTCK Z8H4Z,,,,,,,,,44,,Nero,,0,,1,deny,manual,"€45,00",,True,False,,https://goccia.shop/wp-content/uploads/2024/02/t-shirt-maniche-corte-armani-exchange-nero-t-shirt-8nztck-z8h4z-1640866045-3-1000x1250.jpeg,4,t-shirt-armani-exchange--nero,,,,,,,,,,,,,,,,,,,,,,,
t-shirt-armani-exchange--nero | 8NZTCK Z8H4Z,,,,,,,,,48,,Nero,,0,,1,deny,manual,"€45,00",,True,False,,https://goccia.shop/wp-content/uploads/2024/02/t-shirt-maniche-corte-armani-exchange-nero-t-shirt-8nztck-z8h4z-1640866038-1-150x150.jpeg,5,t-shirt-armani-exchange--nero,,,,,,,,,,,,,,,,,,,,,,,
t-shirt-armani-exchange--nero | 8NZTCK Z8H4Z,,,,,,,,,,,,,,,,,,,,,,,https://goccia.shop/wp-content/uploads/2024/02/t-shirt-maniche-corte-armani-exchange-nero-t-shirt-8nztck-z8h4z-1640866066-4-150x150.jpeg,6,t-shirt-armani-exchange--nero,,,,,,,,,,,,,,,,,,,,,,,
t-shirt-armani-exchange--nero | 8NZTCK Z8H4Z,,,,,,,,,,,,,,,,,,,,,,,https://goccia.shop/wp-content/uploads/2024/02/t-shirt-maniche-corte-armani-exchange-nero-t-shirt-8nztck-z8h4z-1640866038-2-150x150.jpeg,7,t-shirt-armani-exchange--nero,,,,,,,,,,,,,,,,,,,,,,,
t-shirt-armani-exchange--nero | 8NZTCK Z8H4Z,,,,,,,,,,,,,,,,,,,,,,,https://goccia.shop/wp-content/uploads/2024/02/t-shirt-maniche-corte-armani-exchange-nero-t-shirt-8nztck-z8h4z-1640866045-3-150x150.jpeg,8,t-shirt-armani-exchange--nero,,,,,,,,,,,,,,,,,,,,,,,
camicia-manica-lunga-jack-jones-jjesheridan-l/s-noos-nero | 12138115,Camicia manica lunga Jack Jones JJESHERIDAN L/S NOOS Nero,<p><strong>Modello: </strong>JJESHERIDAN L/S NOOS</p><p><strong>Codice Articolo Jack Jones: </strong>12138115</p><p><strong>Composizione:</strong> 98%Cotone – 2%Elasticizzato</p>,Jack Jones,,Camicia maniche lunghe Uomo,male,False,Size,46,Color,Nero,12138115-Nero,0,shopify,1,deny,manual,"€34,99",,True,False,,https://goccia.shop/wp-content/uploads/2024/02/camicia-maniche-lunghe-jack-jones-nero-sheridan-shirt-l-s-noos-12138115-1641389754-1-1000x1250.jpeg,1,camicia-manica-lunga-jack-jones-jjesheridan-l/s-noos-nero,False,,,,,,,,,,,,,,,kg,,,True,True,,,active
camicia-manica-lunga-jack-jones-jjesheridan-l/s-noos-nero | 12138115,,,,,,,,,54,,Nero,,0,,1,deny,manual,"€34,99",,True,False,,https://goccia.shop/wp-content/uploads/2024/02/camicia-maniche-lunghe-jack-jones-nero-sheridan-shirt-l-s-noos-12138115-1641389754-2.jpeg,2,camicia-manica-lunga-jack-jones-jjesheridan-l/s-noos-nero,,,,,,,,,,,,,,,,,,,,,,,
camicia-manica-lunga-jack-jones-jjesheridan-l/s-noos-nero | 12138115,,,,,,,,,52,,Nero,,0,,1,deny,manual,"€34,99",,True,False,,https://goccia.shop/wp-content/uploads/2024/02/camicia-maniche-lunghe-jack-jones-nero-sheridan-shirt-l-s-noos-12138115-1641389799-3.jpeg,3,camicia-manica-lunga-jack-jones-jjesheridan-l/s-noos-nero,,,,,,,,,,,,,,,,,,,,,,,
camicia-manica-lunga-jack-jones-jjesheridan-l/s-noos-nero | 12138115,,,,,,,,,44,,Nero,,0,,1,deny,manual,"€34,99",,True,False,,https://goccia.shop/wp-content/uploads/2024/02/camicia-maniche-lunghe-jack-jones-nero-sheridan-shirt-l-s-noos-12138115-1641389799-4.jpeg,4,camicia-manica-lunga-jack-jones-jjesheridan-l/s-noos-nero,,,,,,,,,,,,,,,,,,,,,,,
camicia-manica-lunga-jack-jones-jjesheridan-l/s-noos-nero | 12138115,,,,,,,,,48,,Nero,,0,,1,deny,manual,"€34,99",,True,False,,https://goccia.shop/wp-content/uploads/2024/02/camicia-maniche-lunghe-jack-jones-nero-sheridan-shirt-l-s-noos-12138115-1641389806-5-1000x1250.jpeg,5,camicia-manica-lunga-jack-jones-jjesheridan-l/s-noos-nero,,,,,,,,,,,,,,,,,,,,,,,
camicia-manica-lunga-jack-jones-jjesheridan-l/s-noos-nero | 12138115,,,,,,,,,,,,,,,,,,,,,,,https://goccia.shop/wp-content/uploads/2024/02/camicia-maniche-lunghe-jack-jones-nero-sheridan-shirt-l-s-noos-12138115-1641389754-1-150x150.jpeg,6,camicia-manica-lunga-jack-jones-jjesheridan-l/s-noos-nero,,,,,,,,,,,,,,,,,,,,,,,
camicia-manica-lunga-jack-jones-jjesheridan-l/s-noos-nero | 12138115,,,,,,,,,,,,,,,,,,,,,,,https://goccia.shop/wp-content/uploads/2024/02/camicia-maniche-lunghe-jack-jones-nero-sheridan-shirt-l-s-noos-12138115-1641389754-2-150x150.jpeg,7,camicia-manica-lunga-jack-jones-jjesheridan-l/s-noos-nero,,,,,,,,,,,,,,,,,,,,,,,
camicia-manica-lunga-jack-jones-jjesheridan-l/s-noos-nero | 12138115,,,,,,,,,,,,,,,,,,,,,,,https://goccia.shop/wp-content/uploads/2024/02/camicia-maniche-lunghe-jack-jones-nero-sheridan-shirt-l-s-noos-12138115-1641389799-3-150x150.jpeg,8,camicia-manica-lunga-jack-jones-jjesheridan-l/s-noos-nero,,,,,,,,,,,,,,,,,,,,,,,
camicia-manica-lunga-jack-jones-jjesheridan-l/s-noos-nero | 12138115,,,,,,,,,,,,,,,,,,,,,,,https://goccia.shop/wp-content/uploads/2024/02/camicia-maniche-lunghe-jack-jones-nero-sheridan-shirt-l-s-noos-12138115-1641389799-4-150x150.jpeg,9,camicia-manica-lunga-jack-jones-jjesheridan-l/s-noos-nero,,,,,,,,,,,,,,,,,,,,,,,
camicia-manica-lunga-jack-jones-jjesheridan-l/s-noos-nero | 12138115,,,,,,,,,,,,,,,,,,,,,,,https://goccia.shop/wp-content/uploads/2024/02/camicia-maniche-lunghe-jack-jones-nero-sheridan-shirt-l-s-noos-12138115-1641389806-5-150x150.jpeg,10,camicia-manica-lunga-jack-jones-jjesheridan-l/s-noos-nero,,,,,,,,,,,,,,,,,,,,,,,
t-shirt-armani-exchange--bianco | 8NZTCK Z8H4Z,T-shirt Armani Exchange  Bianco,<p><strong>Modello: </strong></p><p><strong>Codice Articolo Armani Exchange: </strong>8NZTCK Z8H4Z</p><p><strong>Composizione:</strong> 100% Cotone</p>,Armani Exchange,,T-shirt maniche corte Uomo,male,False,Size,46,Color,Bianco,8NZTCK Z8H4Z-Bianco,0,shopify,1,deny,manual,"€45,00",,True,False,,https://goccia.shop/wp-content/uploads/2024/02/t-shirt-maniche-corte-armani-exchange-bianco-t-shirt-8nztck-z8h4z-1640866033-1-1000x1250.jpeg,1,t-shirt-armani-exchange--bianco,False,,,,,,,,,,,,,,,kg,,,True,True,,,active
t-shirt-armani-exchange--bianco | 8NZTCK Z8H4Z,,,,,,,,,54,,Bianco,,0,,1,deny,manual,"€45,00",,True,False,,https://goccia.shop/wp-content/uploads/2024/02/t-shirt-maniche-corte-armani-exchange-bianco-t-shirt-8nztck-z8h4z-1640866055-2-1000x1250.jpeg,2,t-shirt-armani-exchange--bianco,,,,,,,,,,,,,,,,,,,,,,,
t-shirt-armani-exchange--bianco | 8NZTCK Z8H4Z,,,,,,,,,52,,Bianco,,0,,1,deny,manual,"€45,00",,True,False,,https://goccia.shop/wp-content/uploads/2024/02/t-shirt-maniche-corte-armani-exchange-bianco-t-shirt-8nztck-z8h4z-1640866080-3-1000x1251.jpeg,3,t-shirt-armani-exchange--bianco,,,,,,,,,,,,,,,,,,,,,,,
t-shirt-armani-exchange--bianco | 8NZTCK Z8H4Z,,,,,,,,,44,,Bianco,,0,,1,deny,manual,"€45,00",,True,False,,https://goccia.shop/wp-content/uploads/2024/02/t-shirt-maniche-corte-armani-exchange-bianco-t-shirt-8nztck-z8h4z-1640866080-4-1000x1250.jpeg,4,t-shirt-armani-exchange--bianco,,,,,,,,,,,,,,,,,,,,,,,
t-shirt-armani-exchange--bianco | 8NZTCK Z8H4Z,,,,,,,,,48,,Bianco,,0,,1,deny,manual,"€45,00",,True,False,,https://goccia.shop/wp-content/uploads/2024/02/t-shirt-maniche-corte-armani-exchange-bianco-t-shirt-8nztck-z8h4z-1640866033-1-150x150.jpeg,5,t-shirt-armani-exchange--bianco,,,,,,,,,,,,,,,,,,,,,,,
t-shirt-armani-exchange--bianco | 8NZTCK Z8H4Z,,,,,,,,,,,,,,,,,,,,,,,https://goccia.shop/wp-content/uploads/2024/02/t-shirt-maniche-corte-armani-exchange-bianco-t-shirt-8nztck-z8h4z-1640866055-2-150x150.jpeg,6,t-shirt-armani-exchange--bianco,,,,,,,,,,,,,,,,,,,,,,,
t-shirt-armani-exchange--bianco | 8NZTCK Z8H4Z,,,,,,,,,,,,,,,,,,,,,,,https://goccia.shop/wp-content/uploads/2024/02/t-shirt-maniche-corte-armani-exchange-bianco-t-shirt-8nztck-z8h4z-1640866080-3-150x150.jpeg,7,t-shirt-armani-exchange--bianco,,,,,,,,,,,,,,,,,,,,,,,
t-shirt-armani-exchange--bianco | 8NZTCK Z8H4Z,,,,,,,,,,,,,,,,,,,,,,,https://goccia.shop/wp-content/uploads/2024/02/t-shirt-maniche-corte-armani-exchange-bianco-t-shirt-8nztck-z8h4z-1640866080-4-150x150.jpeg,8,t-shirt-armani-exchange--bianco,,,,,,,,,,,,,,,,,,,,,,,
t-shirt-armani-exchange--blu | 8NZT76 Z8H4Z,T-shirt Armani Exchange  Blu,<p><strong>Modello: </strong></p><p><strong>Codice Articolo Armani Exchange: </strong>8NZT76 Z8H4Z</p><p><strong>Composizione:</strong> 100% Cotone</p>,Armani Exchange,,T-shirt maniche corte Uomo,male,False,Size,46,Color,Blu,8NZT76 Z8H4Z-Blu,0,shopify,1,deny,manual,"€45,00",,True,False,,https://goccia.shop/wp-content/uploads/2024/02/t-shirt-maniche-corte-armani-exchange-blu-jersey-8nzt76-z8h4z-1671196707-1.jpeg,1,t-shirt-armani-exchange--blu,False,,,,,,,,,,,,,,,kg,,,True,True,,,active
t-shirt-armani-exchange--blu | 8NZT76 Z8H4Z,,,,,,,,,54,,Blu,,0,,1,deny,manual,"€45,00",,True,False,,https://goccia.shop/wp-content/uploads/2024/02/t-shirt-maniche-corte-armani-exchange-blu-jersey-8nzt76-z8h4z-1671196711-2.jpeg,2,t-shirt-armani-exchange--blu,,,,,,,,,,,,,,,,,,,,,,,
t-shirt-armani-exchange--blu | 8NZT76 Z8H4Z,,,,,,,,,52,,Blu,,0,,1,deny,manual,"€45,00",,True,False,,https://goccia.shop/wp-content/uploads/2024/02/t-shirt-maniche-corte-armani-exchange-blu-jersey-8nzt76-z8h4z-1671196721-3.jpeg,3,t-shirt-armani-exchange--blu,,,,,,,,,,,,,,,,,,,,,,,
t-shirt-armani-exchange--blu | 8NZT76 Z8H4Z,,,,,,,,,44,,Blu,,0,,1,deny,manual,"€45,00",,True,False,,https://goccia.shop/wp-content/uploads/2024/02/t-shirt-maniche-corte-armani-exchange-blu-jersey-8nzt76-z8h4z-1671196707-1-150x150.jpeg,4,t-shirt-armani-exchange--blu,,,,,,,,,,,,,,,,,,,,,,,
t-shirt-armani-exchange--blu | 8NZT76 Z8H4Z,,,,,,,,,48,,Blu,,0,,1,deny,manual,"€45,00",,True,False,,https://goccia.shop/wp-content/uploads/2024/02/t-shirt-maniche-corte-armani-exchange-blu-jersey-8nzt76-z8h4z-1671196711-2-150x150.jpeg,5,t-shirt-armani-exchange--blu,,,,,,,,,,,,,,,,,,,,,,,
t-shirt-armani-exchange--blu | 8NZT76 Z8H4Z,,,,,,,,,,,,,,,,,,,,,,,https://goccia.shop/wp-content/uploads/2024/02/t-shirt-maniche-corte-armani-exchange-blu-jersey-8nzt76-z8h4z-1671196721-3-150x150.jpeg,6,t-shirt-armani-exchange--blu,,,,,,,,,,,,,,,,,,,,,,,
t-shirt-armani-exchange--nero | 8NZTCJ Z8H4Z,T-shirt Armani Exchange  Nero,<p><strong>Modello: </strong></p><p><strong>Codice Articolo Armani Exchange: </strong>8NZTCJ Z8H4Z</p><p><strong>Composizione:</strong> 100% Cotone</p>,Armani Exchange,,Completo corto tuta Uomo,male,False,Size,46,Color,Nero,8NZTCJ Z8H4Z-Nero,0,shopify,1,deny,manual,"€95,00",,True,False,,https://goccia.shop/wp-content/uploads/2024/02/t-shirt-armani-exchange-nero-jersey-8nztcj-z8h4z-1.jpeg,1,t-shirt-armani-exchange--nero,False,,,,,,,,,,,,,,,kg,,,True,True,,,active
t-shirt-armani-exchange--nero | 8NZTCJ Z8H4Z,,,,,,,,,54,,Nero,,0,,1,deny,manual,"€95,00",,True,False,,https://goccia.shop/wp-content/uploads/2024/02/t-shirt-armani-exchange-nero-jersey-8nztcj-z8h4z-2.jpeg,2,t-shirt-armani-exchange--nero,,,,,,,,,,,,,,,,,,,,,,,
t-shirt-armani-exchange--nero | 8NZTCJ Z8H4Z,,,,,,,,,52,,Nero,,0,,1,deny,manual,"€95,00",,True,False,,https://goccia.shop/wp-content/uploads/2024/02/t-shirt-armani-exchange-nero-jersey-8nztcj-z8h4z-3.jpeg,3,t-shirt-armani-exchange--nero,,,,,,,,,,,,,,,,,,,,,,,
t-shirt-armani-exchange--nero | 8NZTCJ Z8H4Z,,,,,,,,,44,,Nero,,0,,1,deny,manual,"€95,00",,True,False,,https://goccia.shop/wp-content/uploads/2024/02/t-shirt-armani-exchange-nero-jersey-8nztcj-z8h4z-1-150x150.jpeg,4,t-shirt-armani-exchange--nero,,,,,,,,,,,,,,,,,,,,,,,
t-shirt-armani-exchange--nero | 8NZTCJ Z8H4Z,,,,,,,,,48,,Nero,,0,,1,deny,manual,"€95,00",,True,False,,https://goccia.shop/wp-content/uploads/2024/02/t-shirt-armani-exchange-nero-jersey-8nztcj-z8h4z-2-150x150.jpeg,5,t-shirt-armani-exchange--nero,,,,,,,,,,,,,,,,,,,,,,,
t-shirt-armani-exchange--nero | 8NZTCJ Z8H4Z,,,,,,,,,,,,,,,,,,,,,,,https://goccia.shop/wp-content/uploads/2024/02/t-shirt-armani-exchange-nero-jersey-8nztcj-z8h4z-3-150x150.jpeg,6,t-shirt-armani-exchange--nero,,,,,,,,,,,,,,,,,,,,,,,
polo-manica-lunga-armani-exchange--bianco | 8NZF79 ZJ81Z,Polo manica lunga Armani Exchange  Bianco,"<p><strong>Modello: </strong></p><p><strong>Codice Articolo Armani Exchange: </strong>8NZF79 ZJ81Z</p><p><strong>Composizione:</strong> 96% Cotone, 4% elastane</p>",Armani Exchange,,Polo maniche lunghe Uomo,male,False,Size,46,Color,Bianco,8NZF79 ZJ81Z-Bianco,0,shopify,1,deny,manual,"€45,00",,True,False,,https://goccia.shop/wp-content/uploads/2024/02/polo-maniche-lunghe-armani-exchange-bianco-t-shirt-jersey-8nzf79-zj81z-1640864683-1-1000x1251.jpeg,1,polo-manica-lunga-armani-exchange--bianco,False,,,,,,,,,,,,,,,kg,,,True,True,,,active
polo-manica-lunga-armani-exchange--bianco | 8NZF79 ZJ81Z,,,,,,,,,54,,Bianco,,0,,1,deny,manual,"€45,00",,True,False,,https://goccia.shop/wp-content/uploads/2024/02/polo-maniche-lunghe-armani-exchange-bianco-t-shirt-jersey-8nzf79-zj81z-1640864683-2-1000x1250.jpeg,2,polo-manica-lunga-armani-exchange--bianco,,,,,,,,,,,,,,,,,,,,,,,
polo-manica-lunga-armani-exchange--bianco | 8NZF79 ZJ81Z,,,,,,,,,52,,Bianco,,0,,1,deny,manual,"€45,00",,True,False,,https://goccia.shop/wp-content/uploads/2024/02/polo-maniche-lunghe-armani-exchange-bianco-t-shirt-jersey-8nzf79-zj81z-1640864690-3-1000x1250.jpeg,3,polo-manica-lunga-armani-exchange--bianco,,,,,,,,,,,,,,,,,,,,,,,
polo-manica-lunga-armani-exchange--bianco | 8NZF79 ZJ81Z,,,,,,,,,48,,Bianco,,0,,1,deny,manual,"€45,00",,True,False,,https://goccia.shop/wp-content/uploads/2024/02/polo-maniche-lunghe-armani-exchange-bianco-t-shirt-jersey-8nzf79-zj81z-1640864703-4-1000x1250.jpeg,4,polo-manica-lunga-armani-exchange--bianco,,,,,,,,,,,,,,,,,,,,,,,
polo-manica-lunga-armani-exchange--bianco | 8NZF79 ZJ81Z,,,,,,,,,50,,Bianco,,0,,1,deny,manual,"€45,00",,True,False,,https://goccia.shop/wp-content/uploads/2024/02/polo-maniche-lunghe-armani-exchange-bianco-t-shirt-jersey-8nzf79-zj81z-1640864683-1-150x150.jpeg,5,polo-manica-lunga-armani-exchange--bianco,,,,,,,,,,,,,,,,,,,,,,,
polo-manica-lunga-armani-exchange--bianco | 8NZF79 ZJ81Z,,,,,,,,,,,,,,,,,,,,,,,https://goccia.shop/wp-content/uploads/2024/02/polo-maniche-lunghe-armani-exchange-bianco-t-shirt-jersey-8nzf79-zj81z-1640864683-2-150x150.jpeg,6,polo-manica-lunga-armani-exchange--bianco,,,,,,,,,,,,,,,,,,,,,,,
polo-manica-lunga-armani-exchange--bianco | 8NZF79 ZJ81Z,,,,,,,,,,,,,,,,,,,,,,,https://goccia.shop/wp-content/uploads/2024/02/polo-maniche-lunghe-armani-exchange-bianco-t-shirt-jersey-8nzf79-zj81z-1640864690-3-150x150.jpeg,7,polo-manica-lunga-armani-exchange--bianco,,,,,,,,,,,,,,,,,,,,,,,
polo-manica-lunga-armani-exchange--bianco | 8NZF79 ZJ81Z,,,,,,,,,,,,,,,,,,,,,,,https://goccia.shop/wp-content/uploads/2024/02/polo-maniche-lunghe-armani-exchange-bianco-t-shirt-jersey-8nzf79-zj81z-1640864703-4-150x150.jpeg,8,polo-manica-lunga-armani-exchange--bianco,,,,,,,,,,,,,,,,,,,,,,,
polo-manica-lunga-armani-exchange--blu | 8NZF79 ZJ81Z,Polo manica lunga Armani Exchange  Blu,"<p><strong>Modello: </strong></p><p><strong>Codice Articolo Armani Exchange: </strong>8NZF79 ZJ81Z</p><p><strong>Composizione:</strong> 96% Cotone, 4% elastane</p>",Armani Exchange,,Polo maniche lunghe Uomo,male,False,Size,46,Color,Blu,8NZF79 ZJ81Z-Blu,0,shopify,1,deny,manual,"€45,00",,True,False,,https://goccia.shop/wp-content/uploads/2024/02/polo-maniche-lunghe-armani-exchange-blu-t-shirt-jersey-8nzf79-zj81z-1640864661-1-1000x1250.jpeg,1,polo-manica-lunga-armani-exchange--blu,False,,,,,,,,,,,,,,,kg,,,True,True,,,active
polo-manica-lunga-armani-exchange--blu | 8NZF79 ZJ81Z,,,,,,,,,54,,Blu,,0,,1,deny,manual,"€45,00",,True,False,,https://goccia.shop/wp-content/uploads/2024/02/polo-maniche-lunghe-armani-exchange-blu-t-shirt-jersey-8nzf79-zj81z-1640864661-2-1000x1250.jpeg,2,polo-manica-lunga-armani-exchange--blu,,,,,,,,,,,,,,,,,,,,,,,
polo-manica-lunga-armani-exchange--blu | 8NZF79 ZJ81Z,,,,,,,,,52,,Blu,,0,,1,deny,manual,"€45,00",,True,False,,https://goccia.shop/wp-content/uploads/2024/02/polo-maniche-lunghe-armani-exchange-blu-t-shirt-jersey-8nzf79-zj81z-1640864661-3-1000x1249.jpeg,3,polo-manica-lunga-armani-exchange--blu,,,,,,,,,,,,,,,,,,,,,,,
polo-manica-lunga-armani-exchange--blu | 8NZF79 ZJ81Z,,,,,,,,,48,,Blu,,0,,1,deny,manual,"€45,00",,True,False,,https://goccia.shop/wp-content/uploads/2024/02/polo-maniche-lunghe-armani-exchange-blu-t-shirt-jersey-8nzf79-zj81z-1640864669-4-1000x1250.jpeg,4,polo-manica-lunga-armani-exchange--blu,,,,,,,,,,,,,,,,,,,,,,,
polo-manica-lunga-armani-exchange--blu | 8NZF79 ZJ81Z,,,,,,,,,50,,Blu,,0,,1,deny,manual,"€45,00",,True,False,,https://goccia.shop/wp-content/uploads/2024/02/polo-maniche-lunghe-armani-exchange-blu-t-shirt-jersey-8nzf79-zj81z-1640864661-1-150x150.jpeg,5,polo-manica-lunga-armani-exchange--blu,,,,,,,,,,,,,,,,,,,,,,,
polo-manica-lunga-armani-exchange--blu | 8NZF79 ZJ81Z,,,,,,,,,,,,,,,,,,,,,,,https://goccia.shop/wp-content/uploads/2024/02/polo-maniche-lunghe-armani-exchange-blu-t-shirt-jersey-8nzf79-zj81z-1640864661-2-150x150.jpeg,6,polo-manica-lunga-armani-exchange--blu,,,,,,,,,,,,,,,,,,,,,,,
polo-manica-lunga-armani-exchange--blu | 8NZF79 ZJ81Z,,,,,,,,,,,,,,,,,,,,,,,https://goccia.shop/wp-content/uploads/2024/02/polo-maniche-lunghe-armani-exchange-blu-t-shirt-jersey-8nzf79-zj81z-1640864661-3-150x150.jpeg,7,polo-manica-lunga-armani-exchange--blu,,,,,,,,,,,,,,,,,,,,,,,
polo-manica-lunga-armani-exchange--blu | 8NZF79 ZJ81Z,,,,,,,,,,,,,,,,,,,,,,,https://goccia.shop/wp-content/uploads/2024/02/polo-maniche-lunghe-armani-exchange-blu-t-shirt-jersey-8nzf79-zj81z-1640864669-4-150x150.jpeg,8,polo-manica-lunga-armani-exchange--blu,,,,,,,,,,,,,,,,,,,,,,,
t-shirt-armani-exchange--blue-scuro | 8NZTCJ Z8H4Z,T-shirt Armani Exchange  Blue scuro,<p><strong>Modello: </strong></p><p><strong>Codice Articolo Armani Exchange: </strong>8NZTCJ Z8H4Z</p><p><strong>Composizione:</strong> 100% Cotone</p>,Armani Exchange,,Completo corto tuta Uomo,male,False,Size,46,Color,Blue scuro,8NZTCJ Z8H4Z-Blue scuro,0,shopify,1,deny,manual,"€45,00",,True,False,,https://goccia.shop/wp-content/uploads/2024/02/t-shirt-armani-exchange-bluescuro-jersey-8nztcj-z8h4z-1.jpeg,1,t-shirt-armani-exchange--blue-scuro,False,,,,,,,,,,,,,,,kg,,,True,True,,,active
t-shirt-armani-exchange--blue-scuro | 8NZTCJ Z8H4Z,,,,,,,,,54,,Blue scuro,,0,,1,deny,manual,"€45,00",,True,False,,https://goccia.shop/wp-content/uploads/2024/02/t-shirt-armani-exchange-bluescuro-jersey-8nztcj-z8h4z-2.jpeg,2,t-shirt-armani-exchange--blue-scuro,,,,,,,,,,,,,,,,,,,,,,,
t-shirt-armani-exchange--blue-scuro | 8NZTCJ Z8H4Z,,,,,,,,,52,,Blue scuro,,0,,1,deny,manual,"€45,00",,True,False,,https://goccia.shop/wp-content/uploads/2024/02/t-shirt-armani-exchange-bluescuro-jersey-8nztcj-z8h4z-3.jpeg,3,t-shirt-armani-exchange--blue-scuro,,,,,,,,,,,,,,,,,,,,,,,
t-shirt-armani-exchange--blue-scuro | 8NZTCJ Z8H4Z,,,,,,,,,44,,Blue scuro,,0,,1,deny,manual,"€45,00",,True,False,,https://goccia.shop/wp-content/uploads/2024/02/t-shirt-armani-exchange-bluescuro-jersey-8nztcj-z8h4z-1-150x150.jpeg,4,t-shirt-armani-exchange--blue-scuro,,,,,,,,,,,,,,,,,,,,,,,
t-shirt-armani-exchange--blue-scuro | 8NZTCJ Z8H4Z,,,,,,,,,48,,Blue scuro,,0,,1,deny,manual,"€45,00",,True,False,,https://goccia.shop/wp-content/uploads/2024/02/t-shirt-armani-exchange-bluescuro-jersey-8nztcj-z8h4z-2-150x150.jpeg,5,t-shirt-armani-exchange--blue-scuro,,,,,,,,,,,,,,,,,,,,,,,
t-shirt-armani-exchange--blue-scuro | 8NZTCJ Z8H4Z,,,,,,,,,,,,,,,,,,,,,,,https://goccia.shop/wp-content/uploads/2024/02/t-shirt-armani-exchange-bluescuro-jersey-8nztcj-z8h4z-3-150x150.jpeg,6,t-shirt-armani-exchange--blue-scuro,,,,,,,,,,,,,,,,,,,,,,,
polo-manica-lunga-armani-exchange--nero | 8NZF79 ZJ81Z,Polo manica lunga Armani Exchange  Nero,"<p><strong>Modello: </strong></p><p><strong>Codice Articolo Armani Exchange: </strong>8NZF79 ZJ81Z</p><p><strong>Composizione:</strong> 96% Cotone, 4% elastane</p>",Armani Exchange,,Polo maniche lunghe Uomo,male,False,Size,46,Color,Nero,8NZF79 ZJ81Z-Nero,0,shopify,1,deny,manual,"€45,00",,True,False,,https://goccia.shop/wp-content/uploads/2024/02/polo-armani-exchange-nero-t-shirt-jersey-8nzf79-zj81z-1.jpeg,1,polo-manica-lunga-armani-exchange--nero,False,,,,,,,,,,,,,,,kg,,,True,True,,,active
polo-manica-lunga-armani-exchange--nero | 8NZF79 ZJ81Z,,,,,,,,,54,,Nero,,0,,1,deny,manual,"€45,00",,True,False,,https://goccia.shop/wp-content/uploads/2024/02/polo-armani-exchange-nero-t-shirt-jersey-8nzf79-zj81z-2.jpeg,2,polo-manica-lunga-armani-exchange--nero,,,,,,,,,,,,,,,,,,,,,,,
polo-manica-lunga-armani-exchange--nero | 8NZF79 ZJ81Z,,,,,,,,,52,,Nero,,0,,1,deny,manual,"€45,00",,True,False,,https://goccia.shop/wp-content/uploads/2024/02/polo-armani-exchange-nero-t-shirt-jersey-8nzf79-zj81z-3.jpeg,3,polo-manica-lunga-armani-exchange--nero,,,,,,,,,,,,,,,,,,,,,,,
polo-manica-lunga-armani-exchange--nero | 8NZF79 ZJ81Z,,,,,,,,,48,,Nero,,0,,1,deny,manual,"€45,00",,True,False,,https://goccia.shop/wp-content/uploads/2024/02/polo-armani-exchange-nero-t-shirt-jersey-8nzf79-zj81z-1-150x150.jpeg,4,polo-manica-lunga-armani-exchange--nero,,,,,,,,,,,,,,,,,,,,,,,
polo-manica-lunga-armani-exchange--nero | 8NZF79 ZJ81Z,,,,,,,,,50,,Nero,,0,,1,deny,manual,"€45,00",,True,False,,https://goccia.shop/wp-content/uploads/2024/02/polo-armani-exchange-nero-t-shirt-jersey-8nzf79-zj81z-2-150x150.jpeg,5,polo-manica-lunga-armani-exchange--nero,,,,,,,,,,,,,,,,,,,,,,,
polo-manica-lunga-armani-exchange--nero | 8NZF79 ZJ81Z,,,,,,,,,,,,,,,,,,,,,,,https://goccia.shop/wp-content/uploads/2024/02/polo-armani-exchange-nero-t-shirt-jersey-8nzf79-zj81z-3-150x150.jpeg,6,polo-manica-lunga-armani-exchange--nero,,,,,,,,,,,,,,,,,,,,,,,
jeans-slim-jack-jones-jjiglenn-jjicon-jj-057-50sps-noos-denim | 12133074,Jeans slim Jack Jones JJIGLENN JJICON JJ 057 50SPS NOOS Denim,"<p><strong>Modello: </strong>JJIGLENN JJICON JJ 057 50SPS NOOS</p><p><strong>Codice Articolo Jack Jones: </strong>12133074</p><p><strong>Composizione:</strong> 93% Cotone, 2% Elastene, 5% Elasticizzato</p>",Jack Jones,,Jeans slim Uomo,male,False,Size,46,Color,Denim,12133074-Denim,0,shopify,1,deny,manual,"€34,99",,True,False,,https://goccia.shop/wp-content/uploads/2024/02/jeans-slim-jack-jones-denim-glenn-icon-jj-057-noos-12133074-1619788589-1.jpeg,1,jeans-slim-jack-jones-jjiglenn-jjicon-jj-057-50sps-noos-denim,False,,,,,,,,,,,,,,,kg,,,True,True,,,active
jeans-slim-jack-jones-jjiglenn-jjicon-jj-057-50sps-noos-denim | 12133074,,,,,,,,,52,,Denim,,0,,1,deny,manual,"€34,99",,True,False,,https://goccia.shop/wp-content/uploads/2024/02/jeans-slim-jack-jones-denim-glenn-icon-jj-057-noos-12133074-1619788589-2.jpeg,2,jeans-slim-jack-jones-jjiglenn-jjicon-jj-057-50sps-noos-denim,,,,,,,,,,,,,,,,,,,,,,,
jeans-slim-jack-jones-jjiglenn-jjicon-jj-057-50sps-noos-denim | 12133074,,,,,,,,,44,,Denim,,0,,1,deny,manual,"€34,99",,True,False,,https://goccia.shop/wp-content/uploads/2024/02/jeans-slim-jack-jones-denim-glenn-icon-jj-057-noos-12133074-1619788589-3.jpeg,3,jeans-slim-jack-jones-jjiglenn-jjicon-jj-057-50sps-noos-denim,,,,,,,,,,,,,,,,,,,,,,,
jeans-slim-jack-jones-jjiglenn-jjicon-jj-057-50sps-noos-denim | 12133074,,,,,,,,,48,,Denim,,0,,1,deny,manual,"€34,99",,True,False,,https://goccia.shop/wp-content/uploads/2024/02/jeans-slim-jack-jones-denim-glenn-icon-jj-057-noos-12133074-1619788589-1-150x150.jpeg,4,jeans-slim-jack-jones-jjiglenn-jjicon-jj-057-50sps-noos-denim,,,,,,,,,,,,,,,,,,,,,,,
jeans-slim-jack-jones-jjiglenn-jjicon-jj-057-50sps-noos-denim | 12133074,,,,,,,,,50,,Denim,,0,,1,deny,manual,"€34,99",,True,False,,https://goccia.shop/wp-content/uploads/2024/02/jeans-slim-jack-jones-denim-glenn-icon-jj-057-noos-12133074-1619788589-2-150x150.jpeg,5,jeans-slim-jack-jones-jjiglenn-jjicon-jj-057-50sps-noos-denim,,,,,,,,,,,,,,,,,,,,,,,
jeans-slim-jack-jones-jjiglenn-jjicon-jj-057-50sps-noos-denim | 12133074,,,,,,,,,,,,,,,,,,,,,,,https://goccia.shop/wp-content/uploads/2024/02/jeans-slim-jack-jones-denim-glenn-icon-jj-057-noos-12133074-1619788589-3-150x150.jpeg,6,jeans-slim-jack-jones-jjiglenn-jjicon-jj-057-50sps-noos-denim,,,,,,,,,,,,,,,,,,,,,,,
cravatta-jack-jones-noos-hankie-fazzoletto-da-taschino-blu | 12109459,Cravatta Jack Jones NOOS HANKIE FAZZOLETTO DA TASCHINO Blu,<p><strong>Modello: </strong>NOOS HANKIE FAZZOLETTO DA TASCHINO</p><p><strong>Codice Articolo Jack Jones: </strong>12109459</p><p><strong>Composizione:</strong> 100% Seta</p>,Jack Jones,,Cravatte Uomo,male,False,Size,UNICA,Color,Blu,12109459-Blu,0,shopify,1,deny,manual,"€34,99",,True,False,,https://goccia.shop/wp-content/uploads/2024/02/cravatte-e-accessori-jack-jones-blu-noos-hankie-fazzoletto-da-taschino-12109459-1-1000x1000.jpeg,1,cravatta-jack-jones-noos-hankie-fazzoletto-da-taschino-blu,False,,,,,,,,,,,,,,,kg,,,True,True,,,active
cravatta-jack-jones-noos-hankie-fazzoletto-da-taschino-blu | 12109459,,,,,,,,,,,,,,,,,,,,,,,https://goccia.shop/wp-content/uploads/2024/02/cravatte-e-accessori-jack-jones-blu-noos-hankie-fazzoletto-da-taschino-12109459-2-1000x1000.jpeg,2,cravatta-jack-jones-noos-hankie-fazzoletto-da-taschino-blu,,,,,,,,,,,,,,,,,,,,,,,
cravatta-jack-jones-noos-hankie-fazzoletto-da-taschino-blu | 12109459,,,,,,,,,,,,,,,,,,,,,,,https://goccia.shop/wp-content/uploads/2024/02/cravatte-e-accessori-jack-jones-blu-noos-hankie-fazzoletto-da-taschino-12109459-3-1000x1000.jpeg,3,cravatta-jack-jones-noos-hankie-fazzoletto-da-taschino-blu,,,,,,,,,,,,,,,,,,,,,,,
cravatta-jack-jones-noos-hankie-fazzoletto-da-taschino-blu | 12109459,,,,,,,,,,,,,,,,,,,,,,,https://goccia.shop/wp-content/uploads/2024/02/cravatte-e-accessori-jack-jones-blu-noos-hankie-fazzoletto-da-taschino-12109459-1-150x150.jpeg,4,cravatta-jack-jones-noos-hankie-fazzoletto-da-taschino-blu,,,,,,,,,,,,,,,,,,,,,,,
cravatta-jack-jones-noos-hankie-fazzoletto-da-taschino-blu | 12109459,,,,,,,,,,,,,,,,,,,,,,,https://goccia.shop/wp-content/uploads/2024/02/cravatte-e-accessori-jack-jones-blu-noos-hankie-fazzoletto-da-taschino-12109459-2-150x150.jpeg,5,cravatta-jack-jones-noos-hankie-fazzoletto-da-taschino-blu,,,,,,,,,,,,,,,,,,,,,,,
cravatta-jack-jones-noos-hankie-fazzoletto-da-taschino-blu | 12109459,,,,,,,,,,,,,,,,,,,,,,,https://goccia.shop/wp-content/uploads/2024/02/cravatte-e-accessori-jack-jones-blu-noos-hankie-fazzoletto-da-taschino-12109459-3-150x150.jpeg,6,cravatta-jack-jones-noos-hankie-fazzoletto-da-taschino-blu,,,,,,,,,,,,,,,,,,,,,,,
fantasmini-jack-jones-basic-multi-short-sock-noos-bianco | 12124597,Fantasmini Jack Jones BASIC MULTI SHORT SOCK NOOS Bianco,"<p><strong>Modello: </strong>BASIC MULTI SHORT SOCK NOOS</p><p><strong>Codice Articolo Jack Jones: </strong>12124597</p><p><strong>Composizione:</strong> 72% Cotone, 26% Poliestere, 2% Elastane</p>",Jack Jones,,Fantasmini Uomo,male,False,Size,UNICA,Color,Bianco,12124597-Bianco,0,shopify,1,deny,manual,"€34,99",,True,False,,https://goccia.shop/wp-content/uploads/2024/02/calzini-jack-jones-bianco-basic-multi-short-sock-noos-12124597-1.jpeg,1,fantasmini-jack-jones-basic-multi-short-sock-noos-bianco,False,,,,,,,,,,,,,,,kg,,,True,True,,,active
fantasmini-jack-jones-dongo-short-noos-nero | 12066296,Fantasmini Jack Jones DONGO SHORT NOOS Nero,"<p><strong>Modello: </strong>DONGO SHORT NOOS</p><p><strong>Codice Articolo Jack Jones: </strong>12066296</p><p><strong>Composizione:</strong> 72% Cotone, 26% Poliestere, 2% Elastane</p>",Jack Jones,,Fantasmini Uomo,male,False,Size,UNICA,Color,Nero,12066296-Nero,0,shopify,1,deny,manual,"€34,99",,True,False,,https://goccia.shop/wp-content/uploads/2024/02/calzini-jack-jones-nero-dongo-short-sock-noos-12066296-1.jpeg,1,fantasmini-jack-jones-dongo-short-noos-nero,False,,,,,,,,,,,,,,,kg,,,True,True,,,active
calzini-lunghi-jack-jones-jens-5-pack-noos-grigio-scuro | 12113085,Calzini Lunghi Jack Jones JENS 5 PACK NOOS Grigio Scuro,"<p><strong>Modello: </strong>JENS 5 PACK NOOS</p><p><strong>Codice Articolo Jack Jones: </strong>12113085</p><p><strong>Composizione:</strong> 72% Cotone, 26% Poliestere, 2% Elastane</p>",Jack Jones,,Calzini Lunghi Uomo,male,False,Size,UNICA,Color,Grigio Scuro,12113085-Grigio Scuro,0,shopify,1,deny,manual,"€34,99",,True,False,,https://goccia.shop/wp-content/uploads/2024/02/calzini-jack-jones-grigioscuro-jens-sock-5-pack-noos-12113085-1-1000x1333.jpeg,1,calzini-lunghi-jack-jones-jens-5-pack-noos-grigio-scuro,False,,,,,,,,,,,,,,,kg,,,True,True,,,active
calzini-lunghi-jack-jones-jens-5-pack-noos-grigio-scuro | 12113085,,,,,,,,,,,,,,,,,,,,,,,https://goccia.shop/wp-content/uploads/2024/02/calzini-jack-jones-grigioscuro-jens-sock-5-pack-noos-12113085-2-1000x1333.jpeg,2,calzini-lunghi-jack-jones-jens-5-pack-noos-grigio-scuro,,,,,,,,,,,,,,,,,,,,,,,
calzini-lunghi-jack-jones-jens-5-pack-noos-grigio-scuro | 12113085,,,,,,,,,,,,,,,,,,,,,,,https://goccia.shop/wp-content/uploads/2024/02/calzini-jack-jones-grigioscuro-jens-sock-5-pack-noos-12113085-1-150x150.jpeg,3,calzini-lunghi-jack-jones-jens-5-pack-noos-grigio-scuro,,,,,,,,,,,,,,,,,,,,,,,
calzini-lunghi-jack-jones-jens-5-pack-noos-grigio-scuro | 12113085,,,,,,,,,,,,,,,,,,,,,,,https://goccia.shop/wp-content/uploads/2024/02/calzini-jack-jones-grigioscuro-jens-sock-5-pack-noos-12113085-2-150x150.jpeg,4,calzini-lunghi-jack-jones-jens-5-pack-noos-grigio-scuro,,,,,,,,,,,,,,,,,,,,,,,
t-shirt-levi’s®-housemark-tee-grigio | 17783,T-shirt Levi’s® HOUSEMARK TEE Grigio,<p><strong>Modello: </strong>HOUSEMARK TEE</p><p><strong>Codice Articolo Levi’s®: </strong>17783</p><p><strong>Composizione:</strong> 100% Cotone</p>,Levi's®,,T-shirt maniche corte Uomo,male,False,Size,46,Color,Grigio,17783-Grigio,0,shopify,1,deny,manual,"€30,00",,True,False,,https://goccia.shop/wp-content/uploads/2024/02/t-shirt-maniche-corte-levis®-grigio-housemark-tee-17783-1637578516-1.jpeg,1,t-shirt-levi’s®-housemark-tee-grigio,False,,,,,,,,,,,,,,,kg,,,True,True,,,active
t-shirt-levi’s®-housemark-tee-grigio | 17783,,,,,,,,,54,,Grigio,,0,,1,deny,manual,"€30,00",,True,False,,https://goccia.shop/wp-content/uploads/2024/02/t-shirt-maniche-corte-levis®-grigio-housemark-tee-17783-1637578516-2.jpeg,2,t-shirt-levi’s®-housemark-tee-grigio,,,,,,,,,,,,,,,,,,,,,,,
t-shirt-levi’s®-housemark-tee-grigio | 17783,,,,,,,,,52,,Grigio,,0,,1,deny,manual,"€30,00",,True,False,,https://goccia.shop/wp-content/uploads/2024/02/t-shirt-maniche-corte-levis®-grigio-housemark-tee-17783-1637578516-1-150x150.jpeg,3,t-shirt-levi’s®-housemark-tee-grigio,,,,,,,,,,,,,,,,,,,,,,,
t-shirt-levi’s®-housemark-tee-grigio | 17783,,,,,,,,,44,,Grigio,,0,,1,deny,manual,"€30,00",,True,False,,https://goccia.shop/wp-content/uploads/2024/02/t-shirt-maniche-corte-levis®-grigio-housemark-tee-17783-1637578516-2-150x150.jpeg,4,t-shirt-levi’s®-housemark-tee-grigio,,,,,,,,,,,,,,,,,,,,,,,
t-shirt-levi’s®-housemark-tee-grigio | 17783,,,,,,,,,48,,Grigio,,0,,1,deny,manual,"€30,00",,True,False,,,,,,,,,,,,,,,,,,,,,,,,,,,
calzini-lunghi-jack-jones-jens-sock-noos-nero | 12059471,Calzini Lunghi Jack Jones JENS SOCK NOOS Nero,"<p><strong>Modello: </strong>JENS SOCK NOOS</p><p><strong>Codice Articolo Jack Jones: </strong>12059471</p><p><strong>Composizione:</strong> 72% Cotone, 26% Poliestere, 2% Elastane</p>",Jack Jones,,Calzini Lunghi Uomo,male,False,Size,UNICA,Color,Nero,12059471-Nero,0,shopify,1,deny,manual,"€34,99",,True,False,,https://goccia.shop/wp-content/uploads/2024/02/calzini-jack-jones-nero-jens-sock-noos-12059471-1.jpeg,1,calzini-lunghi-jack-jones-jens-sock-noos-nero,False,,,,,,,,,,,,,,,kg,,,True,True,,,active
polo-manica-corta-armani-exchange--blu | 8NZF70 Z8M9Z,Polo manica corta Armani Exchange  Blu,"<p><strong>Modello: </strong></p><p><strong>Codice Articolo Armani Exchange: </strong>8NZF70 Z8M9Z</p><p><strong>Composizione:</strong> 95% Cotone, 5% elastane</p>",Armani Exchange,,Polo maniche corte Uomo,male,False,Size,46,Color,Blu,8NZF70 Z8M9Z-Blu,0,shopify,1,deny,manual,"€45,00",,True,False,,https://goccia.shop/wp-content/uploads/2024/02/polo-maniche-corte-armani-exchange-blu-t-shirt-polo-8nzf70-z8m9z-1640860696-1-1000x1250.jpeg,1,polo-manica-corta-armani-exchange--blu,False,,,,,,,,,,,,,,,kg,,,True,True,,,active
polo-manica-corta-armani-exchange--blu | 8NZF70 Z8M9Z,,,,,,,,,54,,Blu,,0,,1,deny,manual,"€45,00",,True,False,,https://goccia.shop/wp-content/uploads/2024/02/polo-maniche-corte-armani-exchange-blu-t-shirt-polo-8nzf70-z8m9z-1640860696-2-1000x1251.jpeg,2,polo-manica-corta-armani-exchange--blu,,,,,,,,,,,,,,,,,,,,,,,
polo-manica-corta-armani-exchange--blu | 8NZF70 Z8M9Z,,,,,,,,,52,,Blu,,0,,1,deny,manual,"€45,00",,True,False,,https://goccia.shop/wp-content/uploads/2024/02/polo-maniche-corte-armani-exchange-blu-t-shirt-polo-8nzf70-z8m9z-1640860755-3.jpeg,3,polo-manica-corta-armani-exchange--blu,,,,,,,,,,,,,,,,,,,,,,,
polo-manica-corta-armani-exchange--blu | 8NZF70 Z8M9Z,,,,,,,,,48,,Blu,,0,,1,deny,manual,"€45,00",,True,False,,https://goccia.shop/wp-content/uploads/2024/02/polo-maniche-corte-armani-exchange-blu-t-shirt-polo-8nzf70-z8m9z-1640860696-1-150x150.jpeg,4,polo-manica-corta-armani-exchange--blu,,,,,,,,,,,,,,,,,,,,,,,
polo-manica-corta-armani-exchange--blu | 8NZF70 Z8M9Z,,,,,,,,,50,,Blu,,0,,1,deny,manual,"€45,00",,True,False,,https://goccia.shop/wp-content/uploads/2024/02/polo-maniche-corte-armani-exchange-blu-t-shirt-polo-8nzf70-z8m9z-1640860696-2-150x150.jpeg,5,polo-manica-corta-armani-exchange--blu,,,,,,,,,,,,,,,,,,,,,,,
polo-manica-corta-armani-exchange--blu | 8NZF70 Z8M9Z,,,,,,,,,,,,,,,,,,,,,,,https://goccia.shop/wp-content/uploads/2024/02/polo-maniche-corte-armani-exchange-blu-t-shirt-polo-8nzf70-z8m9z-1640860755-3-150x150.jpeg,6,polo-manica-corta-armani-exchange--blu,,,,,,,,,,,,,,,,,,,,,,,
t-shirt-armani-exchange--bianco | 8NZTCJ Z8H4Z,T-shirt Armani Exchange  Bianco,<p><strong>Modello: </strong></p><p><strong>Codice Articolo Armani Exchange: </strong>8NZTCJ Z8H4Z</p><p><strong>Composizione:</strong> 100% Cotone</p>,Armani Exchange,,Completo corto tuta Uomo,male,False,Size,46,Color,Bianco,8NZTCJ Z8H4Z-Bianco,0,shopify,1,deny,manual,"€95,00",,True,False,,https://goccia.shop/wp-content/uploads/2024/02/t-shirt-armani-exchange-bianco-jersey-8nztcj-z8h4z-1.jpeg,1,t-shirt-armani-exchange--bianco,False,,,,,,,,,,,,,,,kg,,,True,True,,,active
t-shirt-armani-exchange--bianco | 8NZTCJ Z8H4Z,,,,,,,,,54,,Bianco,,0,,1,deny,manual,"€95,00",,True,False,,https://goccia.shop/wp-content/uploads/2024/02/t-shirt-armani-exchange-bianco-jersey-8nztcj-z8h4z-2.jpeg,2,t-shirt-armani-exchange--bianco,,,,,,,,,,,,,,,,,,,,,,,
t-shirt-armani-exchange--bianco | 8NZTCJ Z8H4Z,,,,,,,,,52,,Bianco,,0,,1,deny,manual,"€95,00",,True,False,,https://goccia.shop/wp-content/uploads/2024/02/t-shirt-armani-exchange-bianco-jersey-8nztcj-z8h4z-3.jpeg,3,t-shirt-armani-exchange--bianco,,,,,,,,,,,,,,,,,,,,,,,
t-shirt-armani-exchange--bianco | 8NZTCJ Z8H4Z,,,,,,,,,44,,Bianco,,0,,1,deny,manual,"€95,00",,True,False,,https://goccia.shop/wp-content/uploads/2024/02/t-shirt-armani-exchange-bianco-jersey-8nztcj-z8h4z-1-150x150.jpeg,4,t-shirt-armani-exchange--bianco,,,,,,,,,,,,,,,,,,,,,,,
t-shirt-armani-exchange--bianco | 8NZTCJ Z8H4Z,,,,,,,,,48,,Bianco,,0,,1,deny,manual,"€95,00",,True,False,,https://goccia.shop/wp-content/uploads/2024/02/t-shirt-armani-exchange-bianco-jersey-8nztcj-z8h4z-2-150x150.jpeg,5,t-shirt-armani-exchange--bianco,,,,,,,,,,,,,,,,,,,,,,,
t-shirt-armani-exchange--bianco | 8NZTCJ Z8H4Z,,,,,,,,,,,,,,,,,,,,,,,https://goccia.shop/wp-content/uploads/2024/02/t-shirt-armani-exchange-bianco-jersey-8nztcj-z8h4z-3-150x150.jpeg,6,t-shirt-armani-exchange--bianco,,,,,,,,,,,,,,,,,,,,,,,
t-shirt-armani-exchange--nero | 8NZT76 Z8H4Z,T-shirt Armani Exchange  Nero,<p><strong>Modello: </strong></p><p><strong>Codice Articolo Armani Exchange: </strong>8NZT76 Z8H4Z</p><p><strong>Composizione:</strong> 100% Cotone</p>,Armani Exchange,,T-shirt maniche corte Uomo,male,False,Size,46,Color,Nero,8NZT76 Z8H4Z-Nero,0,shopify,1,deny,manual,"€45,00",,True,False,,https://goccia.shop/wp-content/uploads/2024/02/t-shirt-armani-exchange-nero-t-shirt-jersey-8nzt76-z8h4z-1.jpeg,1,t-shirt-armani-exchange--nero,False,,,,,,,,,,,,,,,kg,,,True,True,,,active
t-shirt-armani-exchange--nero | 8NZT76 Z8H4Z,,,,,,,,,54,,Nero,,0,,1,deny,manual,"€45,00",,True,False,,https://goccia.shop/wp-content/uploads/2024/02/t-shirt-armani-exchange-nero-t-shirt-jersey-8nzt76-z8h4z-2.jpeg,2,t-shirt-armani-exchange--nero,,,,,,,,,,,,,,,,,,,,,,,
t-shirt-armani-exchange--nero | 8NZT76 Z8H4Z,,,,,,,,,52,,Nero,,0,,1,deny,manual,"€45,00",,True,False,,https://goccia.shop/wp-content/uploads/2024/02/t-shirt-armani-exchange-nero-t-shirt-jersey-8nzt76-z8h4z-3.jpeg,3,t-shirt-armani-exchange--nero,,,,,,,,,,,,,,,,,,,,,,,
t-shirt-armani-exchange--nero | 8NZT76 Z8H4Z,,,,,,,,,44,,Nero,,0,,1,deny,manual,"€45,00",,True,False,,https://goccia.shop/wp-content/uploads/2024/02/t-shirt-armani-exchange-nero-t-shirt-jersey-8nzt76-z8h4z-1-150x150.jpeg,4,t-shirt-armani-exchange--nero,,,,,,,,,,,,,,,,,,,,,,,
t-shirt-armani-exchange--nero | 8NZT76 Z8H4Z,,,,,,,,,48,,Nero,,0,,1,deny,manual,"€45,00",,True,False,,https://goccia.shop/wp-content/uploads/2024/02/t-shirt-armani-exchange-nero-t-shirt-jersey-8nzt76-z8h4z-2-150x150.jpeg,5,t-shirt-armani-exchange--nero,,,,,,,,,,,,,,,,,,,,,,,
t-shirt-armani-exchange--nero | 8NZT76 Z8H4Z,,,,,,,,,,,,,,,,,,,,,,,https://goccia.shop/wp-content/uploads/2024/02/t-shirt-armani-exchange-nero-t-shirt-jersey-8nzt76-z8h4z-3-150x150.jpeg,6,t-shirt-armani-exchange--nero,,,,,,,,,,,,,,,,,,,,,,,
calzini-lunghi-jack-jones-jens-sock-noos-blue-scuro | 12059471,Calzini Lunghi Jack Jones JENS SOCK NOOS Blue scuro,"<p><strong>Modello: </strong>JENS SOCK NOOS</p><p><strong>Codice Articolo Jack Jones: </strong>12059471</p><p><strong>Composizione:</strong> 72% Cotone, 26% Poliestere, 2% Elastane</p>",Jack Jones,,Calzini Lunghi Uomo,male,False,Size,UNICA,Color,Blue scuro,12059471-Blue scuro,0,shopify,1,deny,manual,"€34,99",,True,False,,https://goccia.shop/wp-content/uploads/2024/02/calzini-jack-jones-bluescuro-jens-sock-noos-12059471-1.jpeg,1,calzini-lunghi-jack-jones-jens-sock-noos-blue-scuro,False,,,,,,,,,,,,,,,kg,,,True,True,,,active
calzini-lunghi-jack-jones-jens-sock-noos-blue-scuro | 12059471,,,,,,,,,,,,,,,,,,,,,,,https://goccia.shop/wp-content/uploads/2024/02/calzini-jack-jones-bluescuro-jens-sock-noos-12059471-2.jpeg,2,calzini-lunghi-jack-jones-jens-sock-noos-blue-scuro,,,,,,,,,,,,,,,,,,,,,,,
calzini-lunghi-jack-jones-jens-sock-noos-blue-scuro | 12059471,,,,,,,,,,,,,,,,,,,,,,,https://goccia.shop/wp-content/uploads/2024/02/calzini-jack-jones-bluescuro-jens-sock-noos-12059471-1-150x150.jpeg,3,calzini-lunghi-jack-jones-jens-sock-noos-blue-scuro,,,,,,,,,,,,,,,,,,,,,,,
calzini-lunghi-jack-jones-jens-sock-noos-blue-scuro | 12059471,,,,,,,,,,,,,,,,,,,,,,,https://goccia.shop/wp-content/uploads/2024/02/calzini-jack-jones-bluescuro-jens-sock-noos-12059471-2-150x150.jpeg,4,calzini-lunghi-jack-jones-jens-sock-noos-blue-scuro,,,,,,,,,,,,,,,,,,,,,,,
maglia-jack-jones-jjebasic-knit-crew-neck-noos-nero | 12137190,Maglia Jack Jones JJEBASIC KNIT CREW NECK NOOS Nero,<p><strong>Modello: </strong>JJEBASIC KNIT CREW NECK NOOS</p><p><strong>Codice Articolo Jack Jones: </strong>12137190</p><p><strong>Composizione:</strong> 100% Cotone</p>,Jack Jones,,Maglie Uomo,male,False,Size,46,Color,Nero,12137190-Nero,0,shopify,1,deny,manual,"€34,99",,True,False,,https://goccia.shop/wp-content/uploads/2024/02/maglie-jack-jones-nero-basic-knit-crew-neck-noos-12137190-1670328050-1.jpeg,1,maglia-jack-jones-jjebasic-knit-crew-neck-noos-nero,False,,,,,,,,,,,,,,,kg,,,True,True,,,active
maglia-jack-jones-jjebasic-knit-crew-neck-noos-nero | 12137190,,,,,,,,,54,,Nero,,0,,1,deny,manual,"€34,99",,True,False,,https://goccia.shop/wp-content/uploads/2024/02/maglie-jack-jones-nero-basic-knit-crew-neck-noos-12137190-1670328050-2-1000x1500.jpeg,2,maglia-jack-jones-jjebasic-knit-crew-neck-noos-nero,,,,,,,,,,,,,,,,,,,,,,,
maglia-jack-jones-jjebasic-knit-crew-neck-noos-nero | 12137190,,,,,,,,,52,,Nero,,0,,1,deny,manual,"€34,99",,True,False,,https://goccia.shop/wp-content/uploads/2024/02/maglie-jack-jones-nero-basic-knit-crew-neck-noos-12137190-1670328056-3.jpeg,3,maglia-jack-jones-jjebasic-knit-crew-neck-noos-nero,,,,,,,,,,,,,,,,,,,,,,,
maglia-jack-jones-jjebasic-knit-crew-neck-noos-nero | 12137190,,,,,,,,,44,,Nero,,0,,1,deny,manual,"€34,99",,True,False,,https://goccia.shop/wp-content/uploads/2024/02/maglie-jack-jones-nero-basic-knit-crew-neck-noos-12137190-1670328060-4.jpeg,4,maglia-jack-jones-jjebasic-knit-crew-neck-noos-nero,,,,,,,,,,,,,,,,,,,,,,,
maglia-jack-jones-jjebasic-knit-crew-neck-noos-nero | 12137190,,,,,,,,,48,,Nero,,0,,1,deny,manual,"€34,99",,True,False,,https://goccia.shop/wp-content/uploads/2024/02/maglie-jack-jones-nero-basic-knit-crew-neck-noos-12137190-1670328060-5.jpeg,5,maglia-jack-jones-jjebasic-knit-crew-neck-noos-nero,,,,,,,,,,,,,,,,,,,,,,,
maglia-jack-jones-jjebasic-knit-crew-neck-noos-nero | 12137190,,,,,,,,,,,,,,,,,,,,,,,https://goccia.shop/wp-content/uploads/2024/02/maglie-jack-jones-nero-basic-knit-crew-neck-noos-12137190-1670328050-1-150x150.jpeg,6,maglia-jack-jones-jjebasic-knit-crew-neck-noos-nero,,,,,,,,,,,,,,,,,,,,,,,
maglia-jack-jones-jjebasic-knit-crew-neck-noos-nero | 12137190,,,,,,,,,,,,,,,,,,,,,,,https://goccia.shop/wp-content/uploads/2024/02/maglie-jack-jones-nero-basic-knit-crew-neck-noos-12137190-1670328050-2-150x150.jpeg,7,maglia-jack-jones-jjebasic-knit-crew-neck-noos-nero,,,,,,,,,,,,,,,,,,,,,,,
maglia-jack-jones-jjebasic-knit-crew-neck-noos-nero | 12137190,,,,,,,,,,,,,,,,,,,,,,,https://goccia.shop/wp-content/uploads/2024/02/maglie-jack-jones-nero-basic-knit-crew-neck-noos-12137190-1670328056-3-150x150.jpeg,8,maglia-jack-jones-jjebasic-knit-crew-neck-noos-nero,,,,,,,,,,,,,,,,,,,,,,,
maglia-jack-jones-jjebasic-knit-crew-neck-noos-nero | 12137190,,,,,,,,,,,,,,,,,,,,,,,https://goccia.shop/wp-content/uploads/2024/02/maglie-jack-jones-nero-basic-knit-crew-neck-noos-12137190-1670328060-4-150x150.jpeg,9,maglia-jack-jones-jjebasic-knit-crew-neck-noos-nero,,,,,,,,,,,,,,,,,,,,,,,
maglia-jack-jones-jjebasic-knit-crew-neck-noos-nero | 12137190,,,,,,,,,,,,,,,,,,,,,,,https://goccia.shop/wp-content/uploads/2024/02/maglie-jack-jones-nero-basic-knit-crew-neck-noos-12137190-1670328060-5-150x150.jpeg,10,maglia-jack-jones-jjebasic-knit-crew-neck-noos-nero,,,,,,,,,,,,,,,,,,,,,,,
